Workbook

Sheet Tổng quan
A1: BỘ TEST CASE – KEEP FIGHTING AND EARNING
A3: Dự án | B3: Keep Fighting And Earning (2D Roguelike / Dungeon Crawler)
A4: Engine | B4: Godot Engine 4.7.x, GDScript, GL Compatibility
A5: Phạm vi | B5: Kiểm thử chức năng, biên, tiêu cực và giao diện (thủ công)
A6: Nguồn | B6: Đọc từ README.md và toàn bộ script .gd trong repo
A7: Cách dùng | B7: Cập nhật cột 'Kết quả thực tế', 'Trạng thái' ở sheet Test Case; bảng dưới tự thống kê
A9: Module | B9: Tổng | C9: Đạt | D9: Không đạt | E9: Bị chặn | F9: Chưa chạy | G9: % Đạt | H9: % Đã chạy
A10: Menu chính | B10: =COUNTIF('Test Case'!$B$2:$B$184,A10) -> 4 | C10: =COUNTIFS('Test Case'!$B$2:$B$184,$A10,'Test Case'!$L$2:$L$184,"Đạt") -> 0 | D10: =COUNTIFS('Test Case'!$B$2:$B$184,$A10,'Test Case'!$L$2:$L$184,"Không đạt") -> 0 | E10: =COUNTIFS('Test Case'!$B$2:$B$184,$A10,'Test Case'!$L$2:$L$184,"Bị chặn") -> 0 | F10: =COUNTIFS('Test Case'!$B$2:$B$184,$A10,'Test Case'!$L$2:$L$184,"Chưa chạy") -> 4 | G10: =IF(B10=0,0,C10/B10) -> 0 | H10: =IF(B10=0,0,(B10-F10)/B10) -> 0
A11: Chọn nhân vật | B11: =COUNTIF('Test Case'!$B$2:$B$184,A11) -> 7 | C11: =COUNTIFS('Test Case'!$B$2:$B$184,$A11,'Test Case'!$L$2:$L$184,"Đạt") -> 0 | D11: =COUNTIFS('Test Case'!$B$2:$B$184,$A11,'Test Case'!$L$2:$L$184,"Không đạt") -> 0 | E11: =COUNTIFS('Test Case'!$B$2:$B$184,$A11,'Test Case'!$L$2:$L$184,"Bị chặn") -> 0 | F11: =COUNTIFS('Test Case'!$B$2:$B$184,$A11,'Test Case'!$L$2:$L$184,"Chưa chạy") -> 7 | G11: =IF(B11=0,0,C11/B11) -> 0 | H11: =IF(B11=0,0,(B11-F11)/B11) -> 0
A12: Pause Menu | B12: =COUNTIF('Test Case'!$B$2:$B$184,A12) -> 8 | C12: =COUNTIFS('Test Case'!$B$2:$B$184,$A12,'Test Case'!$L$2:$L$184,"Đạt") -> 0 | D12: =COUNTIFS('Test Case'!$B$2:$B$184,$A12,'Test Case'!$L$2:$L$184,"Không đạt") -> 0 | E12: =COUNTIFS('Test Case'!$B$2:$B$184,$A12,'Test Case'!$L$2:$L$184,"Bị chặn") -> 0 | F12: =COUNTIFS('Test Case'!$B$2:$B$184,$A12,'Test Case'!$L$2:$L$184,"Chưa chạy") -> 8 | G12: =IF(B12=0,0,C12/B12) -> 0 | H12: =IF(B12=0,0,(B12-F12)/B12) -> 0
A13: Game Over | B13: =COUNTIF('Test Case'!$B$2:$B$184,A13) -> 5 | C13: =COUNTIFS('Test Case'!$B$2:$B$184,$A13,'Test Case'!$L$2:$L$184,"Đạt") -> 0 | D13: =COUNTIFS('Test Case'!$B$2:$B$184,$A13,'Test Case'!$L$2:$L$184,"Không đạt") -> 0 | E13: =COUNTIFS('Test Case'!$B$2:$B$184,$A13,'Test Case'!$L$2:$L$184,"Bị chặn") -> 0 | F13: =COUNTIFS('Test Case'!$B$2:$B$184,$A13,'Test Case'!$L$2:$L$184,"Chưa chạy") -> 5 | G13: =IF(B13=0,0,C13/B13) -> 0 | H13: =IF(B13=0,0,(B13-F13)/B13) -> 0
A14: Di chuyển & điều khiển | B14: =COUNTIF('Test Case'!$B$2:$B$184,A14) -> 7 | C14: =COUNTIFS('Test Case'!$B$2:$B$184,$A14,'Test Case'!$L$2:$L$184,"Đạt") -> 0 | D14: =COUNTIFS('Test Case'!$B$2:$B$184,$A14,'Test Case'!$L$2:$L$184,"Không đạt") -> 0 | E14: =COUNTIFS('Test Case'!$B$2:$B$184,$A14,'Test Case'!$L$2:$L$184,"Bị chặn") -> 0 | F14: =COUNTIFS('Test Case'!$B$2:$B$184,$A14,'Test Case'!$L$2:$L$184,"Chưa chạy") -> 7 | G14: =IF(B14=0,0,C14/B14) -> 0 | H14: =IF(B14=0,0,(B14-F14)/B14) -> 0
A15: Máu / Giáp / Bất tử | B15: =COUNTIF('Test Case'!$B$2:$B$184,A15) -> 13 | C15: =COUNTIFS('Test Case'!$B$2:$B$184,$A15,'Test Case'!$L$2:$L$184,"Đạt") -> 0 | D15: =COUNTIFS('Test Case'!$B$2:$B$184,$A15,'Test Case'!$L$2:$L$184,"Không đạt") -> 0 | E15: =COUNTIFS('Test Case'!$B$2:$B$184,$A15,'Test Case'!$L$2:$L$184,"Bị chặn") -> 0 | F15: =COUNTIFS('Test Case'!$B$2:$B$184,$A15,'Test Case'!$L$2:$L$184,"Chưa chạy") -> 13 | G15: =IF(B15=0,0,C15/B15) -> 0 | H15: =IF(B15=0,0,(B15-F15)/B15) -> 0
A16: Pyrois | B16: =COUNTIF('Test Case'!$B$2:$B$184,A16) -> 10 | C16: =COUNTIFS('Test Case'!$B$2:$B$184,$A16,'Test Case'!$L$2:$L$184,"Đạt") -> 0 | D16: =COUNTIFS('Test Case'!$B$2:$B$184,$A16,'Test Case'!$L$2:$L$184,"Không đạt") -> 0 | E16: =COUNTIFS('Test Case'!$B$2:$B$184,$A16,'Test Case'!$L$2:$L$184,"Bị chặn") -> 0 | F16: =COUNTIFS('Test Case'!$B$2:$B$184,$A16,'Test Case'!$L$2:$L$184,"Chưa chạy") -> 10 | G16: =IF(B16=0,0,C16/B16) -> 0 | H16: =IF(B16=0,0,(B16-F16)/B16) -> 0
A17: Olaf | B17: =COUNTIF('Test Case'!$B$2:$B$184,A17) -> 6 | C17: =COUNTIFS('Test Case'!$B$2:$B$184,$A17,'Test Case'!$L$2:$L$184,"Đạt") -> 0 | D17: =COUNTIFS('Test Case'!$B$2:$B$184,$A17,'Test Case'!$L$2:$L$184,"Không đạt") -> 0 | E17: =COUNTIFS('Test Case'!$B$2:$B$184,$A17,'Test Case'!$L$2:$L$184,"Bị chặn") -> 0 | F17: =COUNTIFS('Test Case'!$B$2:$B$184,$A17,'Test Case'!$L$2:$L$184,"Chưa chạy") -> 6 | G17: =IF(B17=0,0,C17/B17) -> 0 | H17: =IF(B17=0,0,(B17-F17)/B17) -> 0
A18: Miya | B18: =COUNTIF('Test Case'!$B$2:$B$184,A18) -> 10 | C18: =COUNTIFS('Test Case'!$B$2:$B$184,$A18,'Test Case'!$L$2:$L$184,"Đạt") -> 0 | D18: =COUNTIFS('Test Case'!$B$2:$B$184,$A18,'Test Case'!$L$2:$L$184,"Không đạt") -> 0 | E18: =COUNTIFS('Test Case'!$B$2:$B$184,$A18,'Test Case'!$L$2:$L$184,"Bị chặn") -> 0 | F18: =COUNTIFS('Test Case'!$B$2:$B$184,$A18,'Test Case'!$L$2:$L$184,"Chưa chạy") -> 10 | G18: =IF(B18=0,0,C18/B18) -> 0 | H18: =IF(B18=0,0,(B18-F18)/B18) -> 0
A19: Charlotte | B19: =COUNTIF('Test Case'!$B$2:$B$184,A19) -> 8 | C19: =COUNTIFS('Test Case'!$B$2:$B$184,$A19,'Test Case'!$L$2:$L$184,"Đạt") -> 0 | D19: =COUNTIFS('Test Case'!$B$2:$B$184,$A19,'Test Case'!$L$2:$L$184,"Không đạt") -> 0 | E19: =COUNTIFS('Test Case'!$B$2:$B$184,$A19,'Test Case'!$L$2:$L$184,"Bị chặn") -> 0 | F19: =COUNTIFS('Test Case'!$B$2:$B$184,$A19,'Test Case'!$L$2:$L$184,"Chưa chạy") -> 8 | G19: =IF(B19=0,0,C19/B19) -> 0 | H19: =IF(B19=0,0,(B19-F19)/B19) -> 0
A20: Vật phẩm | B20: =COUNTIF('Test Case'!$B$2:$B$184,A20) -> 11 | C20: =COUNTIFS('Test Case'!$B$2:$B$184,$A20,'Test Case'!$L$2:$L$184,"Đạt") -> 0 | D20: =COUNTIFS('Test Case'!$B$2:$B$184,$A20,'Test Case'!$L$2:$L$184,"Không đạt") -> 0 | E20: =COUNTIFS('Test Case'!$B$2:$B$184,$A20,'Test Case'!$L$2:$L$184,"Bị chặn") -> 0 | F20: =COUNTIFS('Test Case'!$B$2:$B$184,$A20,'Test Case'!$L$2:$L$184,"Chưa chạy") -> 11 | G20: =IF(B20=0,0,C20/B20) -> 0 | H20: =IF(B20=0,0,(B20-F20)/B20) -> 0
A21: Túi đồ & trang bị | B21: =COUNTIF('Test Case'!$B$2:$B$184,A21) -> 12 | C21: =COUNTIFS('Test Case'!$B$2:$B$184,$A21,'Test Case'!$L$2:$L$184,"Đạt") -> 0 | D21: =COUNTIFS('Test Case'!$B$2:$B$184,$A21,'Test Case'!$L$2:$L$184,"Không đạt") -> 0 | E21: =COUNTIFS('Test Case'!$B$2:$B$184,$A21,'Test Case'!$L$2:$L$184,"Bị chặn") -> 0 | F21: =COUNTIFS('Test Case'!$B$2:$B$184,$A21,'Test Case'!$L$2:$L$184,"Chưa chạy") -> 12 | G21: =IF(B21=0,0,C21/B21) -> 0 | H21: =IF(B21=0,0,(B21-F21)/B21) -> 0
... A31: Hệ thống & môi trường | B31: =COUNTIF('Test Case'!$B$2:$B$184,A31) -> 6 | C31: =COUNTIFS('Test Case'!$B$2:$B$184,$A31,'Test Case'!$L$2:$L$184,"Đạt") -> 0 | D31: =COUNTIFS('Test Case'!$B$2:$B$184,$A31,'Test Case'!$L$2:$L$184,"Không đạt") -> 0 | E31: =COUNTIFS('Test Case'!$B$2:$B$184,$A31,'Test Case'!$L$2:$L$184,"Bị chặn") -> 0 | F31: =COUNTIFS('Test Case'!$B$2:$B$184,$A31,'Test Case'!$L$2:$L$184,"Chưa chạy") -> 6 | G31: =IF(B31=0,0,C31/B31) -> 0 | H31: =IF(B31=0,0,(B31-F31)/B31) -> 0
A32: TỔNG CỘNG | B32: =SUM(B10:B31) -> 183 | C32: =SUM(C10:C31) -> 0 | D32: =SUM(D10:D31) -> 0 | E32: =SUM(E10:E31) -> 0 | F32: =SUM(F10:F31) -> 183 | G32: =IF(B32=0,0,C32/B32) -> 0 | H32: =IF(B32=0,0,(B32-F32)/B32) -> 0

Sheet Test Case
A1: ID | B1: Module | C1: Chức năng | D1: Tiêu đề test case | E1: Điều kiện tiên quyết | F1: Các bước thực hiện | G1: Dữ liệu test | H1: Kết quả mong đợi | I1: Loại | J1: Ưu tiên | K1: Kết quả thực tế | L1: Trạng thái | M1: Người test | N1: Ngày test | O1: Ghi chú
A2: TC-MN-01 | B2: Menu chính | C2: Hiển thị | D2: Main Menu hiển thị khi khởi chạy game | E2: Đã import dự án vào Godot | F2: 1. Nhấn F5 để chạy game | G2: - | H2: Hiển thị Main Menu có nút Start và Exit; không có lỗi trong Output | I2: Chức năng | J2: Cao | L2: Chưa chạy | O2: README ghi có thêm nút Options nhưng script main_menu.gd chỉ xử lý Start và Exit
A3: TC-MN-02 | B3: Menu chính | C3: Start | D3: Nhấn Start chuyển sang màn Chọn nhân vật | E3: Đang ở Main Menu | F3: 1. Nhấn nút Start | G3: - | H3: Chuyển sang scene CharacterSelect, hiển thị 4 nút nhân vật | I3: Chức năng | J3: Cao | L3: Chưa chạy
A4: TC-MN-03 | B4: Menu chính | C4: Exit | D4: Nhấn Exit thoát game | E4: Đang ở Main Menu | F4: 1. Nhấn nút Exit | G4: - | H4: Cửa sổ game đóng, tiến trình dừng | I4: Chức năng | J4: Cao | L4: Chưa chạy
A5: TC-MN-04 | B5: Menu chính | C5: Start | D5: Nhấn Start nhiều lần liên tiếp | E5: Đang ở Main Menu | F5: 1. Nhấn nhanh nút Start 5 lần | G5: - | H5: Chỉ chuyển scene một lần, không lỗi, không tạo scene trùng | I5: Tiêu cực | J5: Trung bình | L5: Chưa chạy | O5: Script dùng button_down nên kích hoạt ngay khi nhấn xuống
A6: TC-CS-01 | B6: Chọn nhân vật | C6: Chọn nhân vật | D6: Chọn Pyrois vào game thành công | E6: Đang ở màn Chọn nhân vật | F6: 1. Nhấn nút nhân vật 1 (Pyrois) 2. Quan sát màn chơi và HUD | G6: Nhân vật: Pyrois | H6: Vào world.tscn, nhân vật Pyrois xuất hiện ở phòng xuất phát; HUD hiển thị 4 tim và 4 giáp (chưa trang bị) | I6: Chức năng | J6: Cao | L6: Chưa chạy | O6: README ghi Pyrois 'khởi điểm 5 máu' nhưng code: hp = max_hp = base_max_hp (4)
A7: TC-CS-02 | B7: Chọn nhân vật | C7: Chọn nhân vật | D7: Chọn Olaf vào game thành công | E7: Đang ở màn Chọn nhân vật | F7: 1. Nhấn nút nhân vật 2 (Olaf) 2. Quan sát màn chơi và HUD | G7: Nhân vật: Olaf | H7: Vào world.tscn, nhân vật Olaf xuất hiện ở phòng xuất phát; HUD hiển thị 6 tim và 1 giáp (chưa trang bị) | I7: Chức năng | J7: Cao | L7: Chưa chạy
A8: TC-CS-03 | B8: Chọn nhân vật | C8: Chọn nhân vật | D8: Chọn Miya vào game thành công | E8: Đang ở màn Chọn nhân vật | F8: 1. Nhấn nút nhân vật 3 (Miya) 2. Quan sát màn chơi và HUD | G8: Nhân vật: Miya | H8: Vào world.tscn, nhân vật Miya xuất hiện ở phòng xuất phát; HUD hiển thị 4 tim và 1 giáp (chưa trang bị) | I8: Chức năng | J8: Cao | L8: Chưa chạy
A9: TC-CS-04 | B9: Chọn nhân vật | C9: Chọn nhân vật | D9: Chọn Charlotte vào game thành công | E9: Đang ở màn Chọn nhân vật | F9: 1. Nhấn nút nhân vật 4 (Charlotte) 2. Quan sát màn chơi và HUD | G9: Nhân vật: Charlotte | H9: Vào world.tscn, nhân vật Charlotte xuất hiện ở phòng xuất phát; HUD hiển thị 5 tim và 0 giáp (chưa trang bị) | I9: Chức năng | J9: Cao | L9: Chưa chạy
A10: TC-CS-05 | B10: Chọn nhân vật | C10: Chọn nhân vật | D10: Nhân vật đã chọn được giữ khi Retry | E10: Đã chơi và chết với Olaf | F10: 1. Ở màn Game Over nhấn Retry 2. Chọn Miya 3. Quan sát nhân vật trong game | G10: - | H10: Vào game với Miya, không bị dùng lại Olaf | I10: Chức năng | J10: Trung bình | L10: Chưa chạy
A11: TC-CS-06 | B11: Chọn nhân vật | C11: Chọn nhân vật | D11: Nhân vật cũ không bị giữ khi chọn lại | E11: Đã chơi 1 ván với Pyrois rồi Retry | F11: 1. Chọn Charlotte 2. Vào game | G11: - | H11: Nhân vật là Charlotte (GameManager cập nhật đúng) | I11: Chức năng | J11: Trung bình | L11: Chưa chạy
A12: TC-CS-07 | B12: Chọn nhân vật | C12: Chọn nhân vật | D12: Nhấn nhanh 2 nút nhân vật liên tiếp | E12: Đang ở màn Chọn nhân vật | F12: 1. Nhấn nút Char_1 rồi Char_4 thật nhanh | G12: - | H12: Game vào world một lần, không lỗi hoặc crash | I12: Tiêu cực | J12: Thấp | L12: Chưa chạy
A13: TC-PA-01 | B13: Pause Menu | C13: Pause | D13: ESC mở Pause Menu | E13: Đang trong màn chơi | F13: 1. Nhấn ESC | G13: - | H13: Pause Menu hiện, game dừng (quái, bẫy, đạn đứng yên) | I13: Chức năng | J13: Cao | L13: Chưa chạy
A14: TC-PA-02 | B14: Pause Menu | C14: Pause | D14: ESC lần 2 tiếp tục game | E14: Pause Menu đang mở | F14: 1. Nhấn ESC lần nữa | G14: - | H14: Menu ẩn, game chạy tiếp | I14: Chức năng | J14: Cao | L14: Chưa chạy
A15: TC-PA-03 | B15: Pause Menu | C15: Pause | D15: Nút Resume tiếp tục game | E15: Pause Menu đang mở | F15: 1. Nhấn Resume | G15: - | H15: Menu ẩn, game chạy tiếp | I15: Chức năng | J15: Cao | L15: Chưa chạy
A16: TC-PA-04 | B16: Pause Menu | C16: Pause | D16: Nút Restart tải lại màn chơi | E16: Đang chơi tầng 2 hoặc đã nhặt đồ | F16: 1. Mở Pause, nhấn Restart | G16: - | H16: Scene world tải lại, tầng về giá trị khởi đầu, túi đồ và chỉ số được khởi tạo lại; vẫn dùng nhân vật đã chọn | I16: Chức năng | J16: Cao | L16: Chưa chạy | O16: Restart dùng reload_current_scene nên không quay về màn Chọn nhân vật
A17: TC-PA-05 | B17: Pause Menu | C17: Pause | D17: Nút Exit thoát game | E17: Pause Menu đang mở | F17: 1. Nhấn Exit | G17: - | H17: Game đóng | I17: Chức năng | J17: Trung bình | L17: Chưa chạy
A18: TC-PA-06 | B18: Pause Menu | C18: Pause | D18: Không bấm được hành động khi game tạm dừng | E18: Pause Menu đang mở | F18: 1. Click chuột, nhấn WASD, Q, 1-9 | G18: - | H18: Nhân vật không di chuyển/tấn công/dùng vật phẩm khi đang pause | I18: Tiêu cực | J18: Trung bình | L18: Chưa chạy
A19: TC-PA-07 | B19: Pause Menu | C19: Pause | D19: ESC không mở Pause khi đang Game Over | E19: Nhân vật vừa chết, Game Over Menu đang hiện | F19: 1. Nhấn ESC | G19: - | H19: Pause Menu không hiện (bị chặn bởi kiểm tra game_over_menu) | I19: Tiêu cực | J19: Trung bình | L19: Chưa chạy
A20: TC-PA-08 | B20: Pause Menu | C20: Pause | D20: Timer tạm dừng cùng game | E20: Cooldown kỹ năng Q đang đếm | F20: 1. Nhấn Q 2. Ngay lập tức pause 10 giây 3. Resume 4. Quan sát cooldown | G20: - | H20: Cooldown không giảm trong lúc pause | I20: Biên | J20: Thấp | L20: Chưa chạy
A21: TC-GO-01 | B21: Game Over | C21: Game Over | D21: Hiện Game Over khi hết máu | E21: Nhân vật còn 1 máu, giáp = 0 | F21: 1. Để quái đánh trúng nhân vật 2. Chờ 2 giây sau hoạt ảnh chết | G21: - | H21: Phát hoạt ảnh death; sau 2 giây hiện Game Over Menu và game tạm dừng | I21: Chức năng | J21: Cao | L21: Chưa chạy
A22: TC-GO-02 | B22: Game Over | C22: Game Over | D22: Nút Retry quay về Chọn nhân vật | E22: Game Over Menu đang hiện | F22: 1. Nhấn Retry | G22: - | H22: Game bỏ pause và chuyển về màn Chọn nhân vật | I22: Chức năng | J22: Cao | L22: Chưa chạy
A23: TC-GO-03 | B23: Game Over | C23: Game Over | D23: Nút Exit thoát game | E23: Game Over Menu đang hiện | F23: 1. Nhấn Exit | G23: - | H23: Game đóng | I23: Chức năng | J23: Trung bình | L23: Chưa chạy
A24: TC-GO-04 | B24: Game Over | C24: Game Over | D24: Nhân vật chết không còn nhận thêm sát thương | E24: Nhân vật vừa chết | F24: 1. Để quái/bẫy đánh tiếp trong 2 giây chờ | G24: - | H24: Không phát sinh thêm lỗi; Game Over chỉ hiện một lần | I24: Tiêu cực | J24: Trung bình | L24: Chưa chạy
A25: TC-GO-05 | B25: Game Over | C25: Game Over | D25: Không điều khiển được khi đã chết | E25: Nhân vật vừa chết (trong 2 giây chờ) | F25: 1. Nhấn WASD, Q, chuột trái, phím 1-9 | G25: - | H25: Nhân vật không phản hồi (is_dead = true) | I25: Tiêu cực | J25: Trung bình | L25: Chưa chạy
A26: TC-MV-01 | B26: Di chuyển & điều khiển | C26: Di chuyển | D26: Di chuyển 4 hướng W/A/S/D | E26: Đang trong màn chơi, Pyrois | F26: 1. Nhấn lần lượt W, A, S, D | G26: - | H26: Nhân vật di chuyển lên, trái, xuống, phải; phát hoạt ảnh walk; dừng thì phát idle | I26: Chức năng | J26: Cao | L26: Chưa chạy
A27: TC-MV-02 | B27: Di chuyển & điều khiển | C27: Di chuyển | D27: Di chuyển chéo không nhanh hơn | E27: Pyrois, tốc độ 150 | F27: 1. Giữ W+D cùng lúc và đo quãng đường trong 2 giây 2. So sánh với chỉ giữ D | G27: - | H27: Tốc độ chéo bằng tốc độ thẳng (vector chuẩn hóa) | I27: Biên | J27: Trung bình | L27: Chưa chạy
A28: TC-MV-03 | B28: Di chuyển & điều khiển | C28: Di chuyển | D28: Nhấn hai phím ngược chiều | E28: - | F28: 1. Giữ A và D cùng lúc | G28: - | H28: Nhân vật đứng yên, phát idle | I28: Biên | J28: Thấp | L28: Chưa chạy
... A58: TC-OL-03 | B58: Olaf | C58: Kỹ năng Q | D58: Hết buff sát thương trở về bình thường | E58: - | F58: 1. Nhấn Q 2. Chờ 5 giây 3. Chém quái | G58: - | H58: Sát thương về 2; không bị cộng dồn hay thấp hơn ban đầu | I58: Biên | J58: Cao | L58: Chưa chạy
A59: TC-OL-04 | B59: Olaf | C59: Kỹ năng Q | D59: Buff cộng đúng khi có vũ khí | E59: Olaf đã trang bị Kiếm sắt (+1) | F59: 1. Nhấn Q 2. Chém quái | G59: base 2, vũ khí +1 | H59: Sát thương trong buff = (2 + 2) + 1 = 5; hết buff về 2 + 1 = 3 | I59: Biên | J59: Trung bình | L59: Chưa chạy | O59: Kiểm tra README ghi 'nhân đôi sát thương của đòn đánh'; vũ khí không được nhân đôi
A60: TC-OL-05 | B60: Olaf | C60: Kỹ năng Q | D60: Cooldown Q 5 giây | E60: - | F60: 1. Nhấn Q 2. Nhấn Q lần nữa sau 3 giây | G60: Cooldown 5.0s | H60: Lần 2 không kích hoạt | I60: Biên | J60: Trung bình | L60: Chưa chạy
A61: TC-OL-06 | B61: Olaf | C61: Kỹ năng Q | D61: Chết trong lúc buff | E61: Olaf đang buff | F61: 1. Để quái đánh chết Olaf trong lúc buff | G61: - | H61: Không phát sinh lỗi script; Game Over hiện bình thường | I61: Tiêu cực | J61: Thấp | L61: Chưa chạy
A62: TC-MI-01 | B62: Miya | C62: Chỉ số | D62: Chỉ số khởi đầu của Miya | E62: Chọn Miya | F62: 1. Kiểm tra HUD, tốc độ, sát thương | G62: - | H62: Tốc độ 180, Máu 4, Giáp 1, Sát thương 2 | I62: Chức năng | J62: Cao | L62: Chưa chạy
A63: TC-MI-02 | B63: Miya | C63: Tấn công | D63: Bắn tên theo hướng chuột | E63: Miya | F63: 1. Hướng chuột sang phải 2. Nhấn chuột trái | G63: - | H63: Mũi tên xuất hiện cách nhân vật 16 px, bay thẳng về phía chuột, góc quay đúng hướng | I63: Chức năng | J63: Cao | L63: Chưa chạy
A64: TC-MI-03 | B64: Miya | C64: Tấn công | D64: Sát thương mũi tên bằng tổng sát thương | E64: Miya có Kiếm tai ương (+8) | F64: 1. Bắn trúng quái | G64: 2 + 8 | H64: Quái nhận 10 sát thương | I64: Chức năng | J64: Trung bình | L64: Chưa chạy
A65: TC-MI-04 | B65: Miya | C65: Tấn công | D65: Mũi tên tự hủy sau 2 giây | E65: Bắn vào khoảng trống rộng | F65: 1. Bắn tên ra xa | G65: Tốc độ 300, sống 2s | H65: Mũi tên biến mất sau 2 giây | I65: Biên | J65: Trung bình | L65: Chưa chạy
A66: TC-MI-05 | B66: Miya | C66: Tấn công | D66: Mũi tên biến mất khi trúng tường | E66: - | F66: 1. Bắn vào tường | G66: - | H66: Mũi tên biến mất ngay khi chạm tường | I66: Chức năng | J66: Trung bình | L66: Chưa chạy
A67: TC-MI-06 | B67: Miya | C67: Tấn công | D67: Mũi tên không gây sát thương cho Miya | E67: - | F67: 1. Bắn sát tường để tên bắn lên bản thân | G67: - | H67: Mũi tên bỏ qua người chơi | I67: Tiêu cực | J67: Thấp | L67: Chưa chạy
A68: TC-MI-07 | B68: Miya | C68: Kỹ năng Q | D68: Ném bom tới vị trí chuột | E68: Miya | F68: 1. Đặt chuột ở vị trí A 2. Nhấn Q | G68: Sát thương bom = 3 x tổng sát thương | H68: Bom bay tới A trong 0.4s, chờ 0.5s rồi nổ; quái trong vùng nổ nhận 6 sát thương | I68: Chức năng | J68: Cao | L68: Chưa chạy
A69: TC-MI-08 | B69: Miya | C69: Kỹ năng Q | D69: Bom không gây sát thương cho người chơi | E69: Miya đứng trong vùng nổ | F69: 1. Ném bom dưới chân | G69: - | H69: Miya không mất máu/giáp | I69: Tiêu cực | J69: Cao | L69: Chưa chạy
A70: TC-MI-09 | B70: Miya | C70: Kỹ năng Q | D70: Bom gây sát thương diện rộng | E70: 3 quái đứng cạnh nhau | F70: 1. Ném bom vào giữa nhóm | G70: - | H70: Cả 3 quái trong vùng nổ cùng nhận sát thương | I70: Chức năng | J70: Trung bình | L70: Chưa chạy
A71: TC-MI-10 | B71: Miya | C71: Kỹ năng Q | D71: Cooldown Q 5 giây | E71: - | F71: 1. Nhấn Q hai lần cách nhau 2 giây | G71: Cooldown 5.0s | H71: Lần 2 không ném bom | I71: Biên | J71: Trung bình | L71: Chưa chạy
... A81: TC-IT-02 | B81: Vật phẩm | C81: Chỉ số | D81: Hồi máu không vượt Máu tối đa | E81: Máu 3/4 | F81: 1. Dùng Bình máu nhỏ | G81: heal 2 | H81: Máu 4/4 (không vượt tối đa); bình vẫn bị tiêu hao | I81: Biên | J81: Trung bình | L81: Chưa chạy
A82: TC-IT-03 | B82: Vật phẩm | C82: Chỉ số | D82: Dùng bình khi đầy máu | E82: Máu 4/4 | F82: 1. Dùng Bình máu nhỏ | G82: - | H82: Máu không đổi; ghi nhận hành vi bình vẫn mất khỏi túi | I82: Biên | J82: Thấp | L82: Chưa chạy | O82: Cần xác nhận với nhóm đây có phải hành vi mong muốn
A83: TC-IT-04 | B83: Vật phẩm | C83: Chỉ số | D83: Bình máu lớn hồi 3 và tăng 1 máu tối đa | E83: Máu 2/4 | F83: 1. Dùng Bình máu lớn | G83: heal 3, max_hp_bonus 1 | H83: Máu tối đa 5; máu = 2 + 1 + 3 = 6 bị giới hạn ở 5 → 5/5; HUD hiện 5 tim | I83: Biên | J83: Cao | L83: Chưa chạy | O83: Tính: Máu tối đa 4+1 = 5; hồi 3 từ 3 máu lên tối đa 5
A84: TC-IT-05 | B84: Vật phẩm | C84: Chỉ số | D84: Tăng Máu tối đa từ bình là vĩnh viễn | E84: Đã dùng Bình máu lớn | F84: 1. Trang bị rồi tháo Giáp cốt | G84: - | H84: Máu tối đa không bị mất phần cộng từ bình | I84: Biên | J84: Trung bình | L84: Chưa chạy
A85: TC-IT-06 | B85: Vật phẩm | C85: Chỉ số | D85: Mũ sắt +1 giáp | E85: Pyrois có Mũ sắt | F85: 1. Trang bị Mũ sắt | G85: armor 1 | H85: Giáp tối đa 5 | I85: Chức năng | J85: Cao | L85: Chưa chạy
A86: TC-IT-07 | B86: Vật phẩm | C86: Chỉ số | D86: Giáp sắt +2 giáp | E86: Pyrois có Giáp sắt | F86: 1. Trang bị Giáp sắt | G86: armor 2 | H86: Giáp tối đa 6 | I86: Chức năng | J86: Cao | L86: Chưa chạy
A87: TC-IT-08 | B87: Vật phẩm | C87: Chỉ số | D87: Giáp cốt: +3 giáp, +2 máu tối đa | E87: Pyrois có Giáp cốt | F87: 1. Trang bị Giáp cốt | G87: armor 3, max_hp +2 | H87: Giáp tối đa 7, Máu tối đa 6, Máu hiện tại tăng 2 | I87: Chức năng | J87: Cao | L87: Chưa chạy
A88: TC-IT-09 | B88: Vật phẩm | C88: Chỉ số | D88: Kiếm sắt +1 sát thương | E88: Pyrois có Kiếm sắt | F88: 1. Trang bị Kiếm sắt 2. Chém Orc (3 máu) | G88: damage 1 | H88: Sát thương mỗi đòn = 2 | I88: Chức năng | J88: Cao | L88: Chưa chạy
A89: TC-IT-10 | B89: Vật phẩm | C89: Chỉ số | D89: Kiếm tai ương: +8 sát thương, +1 giáp | E89: Pyrois có Kiếm tai ương | F89: 1. Trang bị 2. Chém quái | G89: damage 8, armor 1 | H89: Sát thương mỗi đòn = 1 + 8 = 9; Giáp tối đa 5 (4 + 1) | I89: Chức năng | J89: Cao | L89: Chưa chạy | O89: Mô tả vật phẩm ghi '+1 DMG +1 Giáp' nhưng dữ liệu damage = 8: lệch mô tả
A90: TC-IT-11 | B90: Vật phẩm | C90: Hiển thị | D90: Bình máu lớn hiển thị tên trong tooltip | E90: Có Bình máu lớn trong hotbar | F90: 1. Rê chuột vào ô hotbar | G90: - | H90: Tooltip hiển thị tên + mô tả vật phẩm | I90: Giao diện | J90: Thấp | L90: Chưa chạy | O90: big_health_potion.tres không có item_name (giá trị mặc định 'Vật phẩm mới')
A91: TC-IV-01 | B91: Túi đồ & trang bị | C91: Túi đồ | D91: Túi đồ khởi tạo có 3 vật phẩm thử | E91: Vào game bất kỳ nhân vật | F91: 1. Quan sát hotbar | G91: - | H91: Hotbar có Bình máu nhỏ, Giáp cốt, Kiếm tai ương ở ô 1-3 (do code thử trong player.gd) | I91: Chức năng | J91: Trung bình | L91: Chưa chạy | O91: Kiểm tra có chủ ý hay là code debug cần xóa trước khi phát hành
A92: TC-IV-02 | B92: Túi đồ & trang bị | C92: Trang bị | D92: Dùng phím số trang bị Giáp | E92: Giáp cốt ở ô 2 | F92: 1. Nhấn phím 2 | G92: - | H92: Giáp cốt chuyển vào ô trang bị, rời khỏi túi; HUD cập nhật | I92: Chức năng | J92: Cao | L92: Chưa chạy
A93: TC-IV-03 | B93: Túi đồ & trang bị | C93: Trang bị | D93: Vị trí vật phẩm dồn lên sau khi trang bị | E93: Túi: [Bình, Giáp cốt, Kiếm] | F93: 1. Nhấn phím 2 (trang bị giáp) 2. Quan sát ô 2 | G93: - | H93: Túi còn [Bình, Kiếm]; Kiếm nằm ở ô 2 | I93: Chức năng | J93: Trung bình | L93: Chưa chạy
A94: TC-IV-04 | B94: Túi đồ & trang bị | C94: Trang bị | D94: Click ô hotbar để dùng/trang bị | E94: - | F94: 1. Click chuột vào ô hotbar có Giáp cốt | G94: - | H94: Giống nhấn phím số tương ứng | I94: Chức năng | J94: Cao | L94: Chưa chạy
A95: TC-IV-05 | B95: Túi đồ & trang bị | C95: Trang bị | D95: Đổi trang bị cùng loại | E95: Đang mặc Giáp sắt, trong túi có Giáp cốt | F95: 1. Nhấn phím số của Giáp cốt | G95: - | H95: Giáp sắt trở lại túi đúng vị trí ô vừa dùng; Giáp cốt được mặc | I95: Chức năng | J95: Cao | L95: Chưa chạy
A96: TC-IV-06 | B96: Túi đồ & trang bị | C96: Trang bị | D96: Tổng giáp cộng dồn Mũ + Giáp | E96: Có Mũ sắt và Giáp sắt | F96: 1. Trang bị cả hai | G96: 1 + 2 | H96: Giáp tối đa = 4 + 1 + 2 = 7 | I96: Chức năng | J96: Cao | L96: Chưa chạy
A97: TC-IV-07 | B97: Túi đồ & trang bị | C97: Trang bị | D97: Phím số ô trống | E97: Túi có 2 vật phẩm | F97: 1. Nhấn phím 5 | G97: - | H97: Không có gì xảy ra, không lỗi (log ô trống) | I97: Tiêu cực | J97: Trung bình | L97: Chưa chạy
A98: TC-IV-08 | B98: Túi đồ & trang bị | C98: Trang bị | D98: Tháo trang bị cất vào túi | E98: Đang mặc Giáp cốt | F98: 1. Gọi unequip_item(ARMOR) | G98: - | H98: Giáp cốt vào túi; Máu/Giáp tối đa giảm về ban đầu; máu hiện tại không vượt tối đa | I98: Chức năng | J98: Cao | L98: Chưa chạy | O98: Hàm unequip_item tồn tại nhưng chưa có UI ô trang bị nào gọi tới trong repo
A99: TC-IV-09 | B99: Túi đồ & trang bị | C99: Trang bị | D99: Tháo trang bị khi túi đầy | E99: Túi đầy 16 ô, đang mặc Giáp | F99: 1. Gọi unequip_item | G99: - | H99: Không tháo; thông báo túi đầy; trang bị giữ nguyên | I99: Tiêu cực | J99: Trung bình | L99: Chưa chạy
A100: TC-IV-10 | B100: Túi đồ & trang bị | C100: Túi đồ | D100: Nhặt đồ khi túi đầy | E100: Túi có 16 vật phẩm | F100: 1. Nhấn E nhặt vật phẩm dưới đất | G100: - | H100: Không nhặt; vật phẩm còn trên đất | I100: Biên | J100: Cao | L100: Chưa chạy
A101: TC-IV-11 | B101: Túi đồ & trang bị | C101: Túi đồ | D101: Dùng vật phẩm ở ô 10-16 | E101: Túi có 12 vật phẩm | F101: 1. Thử dùng vật phẩm thứ 10-12 | G101: - | H101: Hotbar chỉ có 9 ô, phím 1-9: kiểm tra có cách dùng vật phẩm 10-16 hay không | I101: Biên | J101: Trung bình | L101: Chưa chạy | O101: Có thể là lỗi thiết kế: vật phẩm ô 10-16 không có đường dùng
A102: TC-IV-12 | B102: Túi đồ & trang bị | C102: Trang bị | D102: Chỉ số chạm đáy khi đổi trang bị thấp hơn | E102: Giáp 7/7 đang đầy | F102: 1. Tháo Giáp cốt | G102: - | H102: Giáp hiện tại bị giới hạn xuống mức tối đa mới (4) | I102: Biên | J102: Trung bình | L102: Chưa chạy
A103: TC-CH-01 | B103: Rương & nhặt đồ | C103: Rương | D103: Rương mở khi người chơi lại gần | E103: Phòng kho báu | F103: 1. Đi vào vùng rương | G103: drop 0.8 | H103: Rương phát hoạt ảnh open; vật phẩm văng ra cách rương 20 px phía dưới | I103: Chức năng | J103: Cao | L103: Chưa chạy
A104: TC-CH-02 | B104: Rương & nhặt đồ | C104: Rương | D104: Rương chỉ mở một lần | E104: Rương đã mở | F104: 1. Rời đi rồi quay lại | G104: - | H104: Không rớt thêm vật phẩm; vùng va chạm đã bị tắt | I104: Biên | J104: Cao | L104: Chưa chạy
A105: TC-CH-03 | B105: Rương & nhặt đồ | C105: Rương | D105: Tỷ lệ rớt đồ của rương 80% | E105: Nhiều rương (mở ít nhất 20 rương/20 ván) | F105: 1. Mở nhiều rương, đếm số lần rớt đồ | G105: drop_chance 0.8 | H105: Xấp xỉ 80% rương có vật phẩm | I105: Biên | J105: Thấp | L105: Chưa chạy | O105: Chạy 20+ lần để kiểm tra thống kê
A106: TC-CH-04 | B106: Rương & nhặt đồ | C106: Nhặt đồ | D106: Vật phẩm phát sáng khi lại gần | E106: Có vật phẩm trên đất | F106: 1. Đi lại gần vật phẩm | G106: - | H106: Sprite sáng lên; khi đi xa trở về bình thường | I106: Giao diện | J106: Trung bình | L106: Chưa chạy
A107: TC-CH-05 | B107: Rương & nhặt đồ | C107: Nhặt đồ | D107: Nhấn E nhặt vật phẩm | E107: Đứng gần vật phẩm | F107: 1. Nhấn E | G107: - | H107: Vật phẩm vào túi và biến mất khỏi đất | I107: Chức năng | J107: Cao | L107: Chưa chạy
A108: TC-CH-06 | B108: Rương & nhặt đồ | C108: Nhặt đồ | D108: Nhấn E khi ở xa vật phẩm | E108: Đứng xa vật phẩm | F108: 1. Nhấn E | G108: - | H108: Không nhặt được | I108: Tiêu cực | J108: Trung bình | L108: Chưa chạy
A109: TC-CH-07 | B109: Rương & nhặt đồ | C109: Nhặt đồ | D109: Hai vật phẩm cạnh nhau, nhấn E một lần | E109: Đứng gần 2 vật phẩm | F109: 1. Nhấn E một lần | G109: - | H109: Ghi nhận hành vi: cả hai có thể được nhặt cùng lúc vì cùng nghe phím E | I109: Biên | J109: Thấp | L109: Chưa chạy
A110: TC-CH-08 | B110: Rương & nhặt đồ | C110: Quái rớt đồ | D110: Quái thường rớt đồ 30% | E110: Giết ≥ 20 Orc | F110: 1. Giết nhiều Orc và đếm số lần rớt | G110: drop 0.3 | H110: Xấp xỉ 30% có vật phẩm rớt đúng vị trí quái chết | I110: Biên | J110: Trung bình | L110: Chưa chạy
A111: TC-UI-01 | B111: HUD & Hotbar | C111: HUD | D111: HUD hiển thị tim và giáp đúng chỉ số | E111: - | F111: 1. Vào game, so sánh HUD với chỉ số nhân vật | G111: - | H111: Số tim = Máu tối đa, tim đầy = Máu hiện tại; số khiên = Giáp tối đa | I111: Giao diện | J111: Cao | L111: Chưa chạy
A112: TC-UI-02 | B112: HUD & Hotbar | C112: HUD | D112: HUD cập nhật khi bị đánh | E112: - | F112: 1. Nhận sát thương | G112: - | H112: Khiên/tim đầy chuyển sang icon rỗng ngay lập tức | I112: Giao diện | J112: Cao | L112: Chưa chạy
A113: TC-UI-03 | B113: HUD & Hotbar | C113: HUD | D113: HUD cập nhật khi giáp hồi | E113: - | F113: 1. Chờ giáp hồi | G113: - | H113: Khiên đầy dần mỗi giây | I113: Giao diện | J113: Trung bình | L113: Chưa chạy
A114: TC-UI-04 | B114: HUD & Hotbar | C114: HUD | D114: HUD cập nhật khi mặc/tháo đồ | E114: - | F114: 1. Trang bị Giáp cốt | G114: - | H114: Số tim/khiên tăng theo chỉ số mới | I114: Giao diện | J114: Cao | L114: Chưa chạy
A115: TC-UI-05 | B115: HUD & Hotbar | C115: Hotbar | D115: Hotbar có 9 ô và hiển thị icon | E115: Túi có 3 vật phẩm | F115: 1. Quan sát hotbar | G115: - | H115: 9 ô, 3 ô đầu có icon, 6 ô còn lại trống | I115: Giao diện | J115: Cao | L115: Chưa chạy
A116: TC-UI-06 | B116: HUD & Hotbar | C116: Hotbar | D116: Tooltip hiển thị tên và mô tả | E116: - | F116: 1. Rê chuột vào ô có vật phẩm | G116: - | H116: Tooltip: tên + xuống dòng + mô tả | I116: Giao diện | J116: Trung bình | L116: Chưa chạy
A117: TC-UI-07 | B117: HUD & Hotbar | C117: HUD | D117: HUD không lỗi với Máu tối đa lớn | E117: Máu tối đa 15 | F117: 1. Dùng nhiều Bình máu lớn | G117: - | H117: Các tim không tràn khỏi màn hình hoặc chồng lấp | I117: Biên | J117: Thấp | L117: Chưa chạy
A118: TC-MP-01 | B118: Sinh hầm ngục | C118: Sinh map | D118: Số phòng được sinh đúng | E118: Vào game | F118: 1. Quan sát số phòng (hoặc in ra generated_rooms.size()) | G118: num_rooms mặc định 16 | H118: Có 16 phòng (README ghi 10) | I118: Chức năng | J118: Cao | L118: Chưa chạy | O118: Lệch README: code mặc định 16 phòng
A119: TC-MP-02 | B119: Sinh hầm ngục | C119: Sinh map | D119: Phòng đầu tiên là phòng xuất phát | E119: - | F119: 1. Quan sát vị trí người chơi lúc bắt đầu | G119: - | H119: Nhân vật xuất hiện ở tâm phòng 0, phòng này không có quái/rương/bẫy | I119: Chức năng | J119: Cao | L119: Chưa chạy
A120: TC-MP-03 | B120: Sinh hầm ngục | C120: Sinh map | D120: Có đúng 1 phòng Boss ở xa nhất | E120: - | F120: 1. Đi tới phòng cuối | G120: - | H120: Phòng Boss là phòng xa nhất (BFS) từ phòng xuất phát | I120: Chức năng | J120: Cao | L120: Chưa chạy
A121: TC-MP-04 | B121: Sinh hầm ngục | C121: Sinh map | D121: Có 2-3 phòng kho báu | E121: - | F121: 1. Khám phá toàn bộ bản đồ, đếm rương | G121: - | H121: Số rương trong khoảng 2 đến 3 | I121: Chức năng | J121: Cao | L121: Chưa chạy
A122: TC-MP-05 | B122: Sinh hầm ngục | C122: Sinh map | D122: Tất cả phòng đều kết nối | E122: - | F122: 1. Đi từ phòng xuất phát tới mọi phòng | G122: - | H122: Không có phòng bị cô lập, hành lang đủ 5 ô | I122: Chức năng | J122: Cao | L122: Chưa chạy
A123: TC-MP-06 | B123: Sinh hầm ngục | C123: Sinh map | D123: Cùng seed cho cùng bản đồ | E123: map_seed = ALOALO1234 | F123: 1. Chạy game 2 lần với tầng 1 2. So sánh bố cục | G123: - | H123: Bố cục tầng 1 giống nhau ở cả 2 lần | I123: Biên | J123: Trung bình | L123: Chưa chạy
A124: TC-MP-07 | B124: Sinh hầm ngục | C124: Sinh map | D124: Seed khác cho bản đồ khác | E124: - | F124: 1. Đổi map_seed thành chuỗi khác 2. Chạy lại | G124: - | H124: Bố cục khác | I124: Chức năng | J124: Thấp | L124: Chưa chạy
A125: TC-MP-08 | B125: Sinh hầm ngục | C125: Trang trí | D125: Cột đá/thùng gỗ không chặn hành lang | E125: - | F125: 1. Đi qua hành lang giữa các phòng | G125: - | H125: Không bị chặn bởi cột/thùng ở hành lang | I125: Chức năng | J125: Cao | L125: Chưa chạy
A126: TC-MP-09 | B126: Sinh hầm ngục | C126: Trang trí | D126: Trang trí không đè lên bẫy | E126: - | F126: 1. Quan sát phòng có bẫy | G126: - | H126: Không có cột hay thùng chồng lên vị trí bẫy | I126: Chức năng | J126: Trung bình | L126: Chưa chạy
A127: TC-MP-10 | B127: Sinh hầm ngục | C127: Quái | D127: Số quái mỗi phòng từ 2 đến 6 | E127: - | F127: 1. Vào từng phòng chiến đấu, đếm quái | G127: min 2, max 6 | H127: Mỗi phòng 2-6 quái (có thể ít hơn nếu vị trí trùng trang trí) | I127: Biên | J127: Trung bình | L127: Chưa chạy
A128: TC-MP-11 | B128: Sinh hầm ngục | C128: Quái | D128: Quái không xuất hiện trong tường/vật trang trí | E128: - | F128: 1. Quan sát vị trí quái trong các phòng | G128: - | H128: Quái nằm trên nền sàn, không trong tường | I128: Chức năng | J128: Trung bình | L128: Chưa chạy
A129: TC-RM-01 | B129: Phòng & khóa cửa | C129: Khóa cửa | D129: Khóa cửa khi vào phòng có quái | E129: Phòng chiến đấu chưa dọn | F129: 1. Bước vào giữa phòng | G129: - | H129: Gạch chặn xuất hiện ở mọi lối ra vào; quái được kích hoạt | I129: Chức năng | J129: Cao | L129: Chưa chạy
A130: TC-RM-02 | B130: Phòng & khóa cửa | C130: Khóa cửa | D130: Mở cửa khi giết hết quái | E130: Phòng đang khóa | F130: 1. Tiêu diệt toàn bộ quái | G130: - | H130: Cửa tự biến mất sau khi quái cuối biến mất | I130: Chức năng | J130: Cao | L130: Chưa chạy
... A147: TC-PT-05 | B147: Cổng & qua màn | C147: Cổng | D147: Bản đồ tầng mới khác tầng cũ | E147: - | F147: 1. Qua tầng 2 và quan sát bố cục | G147: seed = map_seed + _ + level | H147: Bố cục khác tầng 1 | I147: Chức năng | J147: Trung bình | L147: Chưa chạy
A148: TC-PT-06 | B148: Cổng & qua màn | C148: Cổng | D148: Boss luân phiên theo tầng | E148: - | F148: 1. Quan sát Boss tầng 1, 2, 3 | G148: - | H148: Tầng lẻ: Necromancer; tầng chẵn: Orc Rider | I148: Chức năng | J148: Trung bình | L148: Chưa chạy | O148: README nhắc Kitsune nhưng repo không có Kitsune
A149: TC-PT-07 | B149: Cổng & qua màn | C149: Cổng | D149: Không còn quái/đạn/bẫy của tầng cũ | E149: - | F149: 1. Qua tầng | G149: - | H149: Các node tầng cũ bị xóa, không còn đạn, vật phẩm cũ | I149: Biên | J149: Trung bình | L149: Chưa chạy
A150: TC-PT-08 | B150: Cổng & qua màn | C150: Cổng | D150: Qua nhiều tầng liên tiếp | E150: - | F150: 1. Qua 5 tầng liên tiếp (có thể giảm máu Boss) | G150: - | H150: Không lỗi, không rò rỉ bộ nhớ, tầng tăng đúng | I150: Biên | J150: Thấp | L150: Chưa chạy
A151: TC-EN-01 | B151: Quái thường | C151: Orc | D151: Orc: chỉ số cơ bản | E151: Phòng có Orc, đã khóa | F151: 1. Quan sát tốc độ, chém Orc | G151: HP 3, speed 70, range 35 | H151: Orc chết sau tổng sát thương 3; đuổi theo và vung rìu khi cách ≤ 35 px | I151: Chức năng | J151: Cao | L151: Chưa chạy
A152: TC-EN-02 | B152: Quái thường | C152: Orc | D152: Orc gây sát thương cận chiến | E152: - | F152: 1. Để Orc đánh trúng | G152: - | H152: Người chơi nhận sát thương (giáp trước) | I152: Chức năng | J152: Cao | L152: Chưa chạy
A153: TC-EN-03 | B153: Quái thường | C153: Armored Orc | D153: Giáp của Armored Orc hấp thụ sát thương | E153: Armored Orc, giáp 5, máu 3 | F153: 1. Chém 2 lần (1 sát thương mỗi lần) | G153: armor 5 | H153: Giáp còn 3, máu giữ nguyên, phát animation block | I153: Chức năng | J153: Cao | L153: Chưa chạy
A154: TC-EN-04 | B154: Quái thường | C154: Armored Orc | D154: Sát thương tràn khi vỡ giáp | E154: Giáp còn 1 | F154: 1. Chém với sát thương 3 | G154: - | H154: Giáp = 0, máu mất 2 | I154: Biên | J154: Cao | L154: Chưa chạy
...

Sheet Điểm cần xác minh
A1: STT | B1: Vấn đề phát hiện khi đọc mã nguồn | C1: Chi tiết | D1: File liên quan | E1: Mức độ
A2: 1 | B2: README ghi 10 phòng, code mặc định 16 | C2: dungeon_generator.gd khai báo num_rooms = 16 và world.tscn không ghi đè. | D2: Scene/Map/dungeon_generator.gd | E2: Trung bình
A3: 2 | B3: Boss Kitsune không tồn tại trong repo | C3: Không có thư mục Boss/Kitsune. Tầng chẵn sinh Orc Rider nhưng log in ra 'Kitsune xuất hiện'. | D3: dungeon_generator.gd, Scene/Enemies/Boss | E3: Cao
A4: 3 | B4: Blood Monster không tồn tại | C4: README liệt kê Blood Monster nhưng không có file và không có trong enemy_scenes. | D4: dungeon_generator.gd, README.md | E4: Trung bình
A5: 4 | B5: Mô tả Kiếm tai ương không khớp dữ liệu | C5: Mô tả '+1 DMG +1 Giáp' nhưng damage = 8, armor = 1. | D5: Scene/Items/mystic_sword.tres | E5: Cao
A6: 5 | B6: Bình máu lớn thiếu tên | C6: big_health_potion.tres không đặt item_name, tooltip sẽ hiện tên mặc định 'Vật phẩm mới'. | D6: Scene/Items/big_health_potion.tres | E6: Thấp
A7: 6 | B7: Code thử nghiệm còn trong player.gd | C7: _ready() tự thêm Bình máu nhỏ, Giáp cốt, Kiếm tai ương vào túi (chú thích 'Test thử'). | D7: Scene/Character/Player 1_Pyrois/player.gd | E7: Trung bình
A8: 7 | B8: Vật phẩm túi ô 10-16 khó sử dụng | C8: Túi 16 ô nhưng hotbar chỉ 9 ô và phím 1-9; không có UI cho ô 10-16 trong repo. | D8: InventoryManager.gd, GameUI.gd | E8: Trung bình
A9: 8 | B9: Chưa có UI tháo trang bị | C9: unequip_item() có sẵn nhưng không có ô trang bị gọi tới; README nói click ô để tháo. | D9: InventoryManager.gd, GameUI.gd | E9: Trung bình
A10: 9 | B10: Pyrois 'khởi điểm 5 máu' theo README | C10: Code: base_max_hp = 4 và hp = max_hp = 4 khi vào game. | D10: Player 1_Pyrois/player.gd | E10: Thấp
A11: 10 | B11: Quái Skeleton/Vampire không có hàm rớt đồ | C11: README nói quái thường 30% rớt đồ; chỉ Orc và Armored Orc có drop_loot. | D11: skeleton.gd, vampire.gd, orc.gd | E11: Trung bình
A12: 11 | B12: PLAYER_SCENE trỏ tới file .gd | C12: preload('.../player.gd').instantiate() sẽ lỗi nếu GameManager không có nhân vật; hiện chưa xảy ra nhờ GameManager đặt mặc định. | D12: dungeon_generator.gd | E12: Thấp
A13: 12 | B13: Retry và Restart đưa tới nơi khác nhau | C13: Game Over → Retry về màn Chọn nhân vật; Pause → Restart tải lại world, giữ nhân vật. | D13: game_over_menu.gd, pause_menu.gd | E13: Thấp
A14: 13 | B14: Buff Olaf cộng theo base_damage | C14: Buff cộng thêm base_damage nên vũ khí không được nhân đôi; cần xác nhận với thiết kế. | D14: Player 2_Olaf/player_2.gd | E14: Thấp
